id,area,aspect_ratio,solidity,extent,label
1,702,0.9629629629629628,0.8470894874022589,0.6944444444444444,n
2,680,1.7,0.8016032064128257,0.5882352941176471,n
3,37113,0.5205992509363296,0.8482645478817512,0.7105326974375555,a
4,14931,0.4179894179894179,0.6324483775811209,0.4666800616167705,a
5,6675,1.1866666666666668,0.8134829209656416,0.608314606741573,n
6,899,1.0689655172413792,0.9727030625832224,0.8125695216907676,n
7,2128,1.4736842105263157,0.6780137414116177,0.5101033834586466,n
8,20273,0.4641148325358851,0.845324814903272,0.69834262319341,a
9,532,1.4736842105263157,0.9549878345498783,0.7377819548872181,n
10,1275,4.411764705882353,0.768775872264932,0.5098039215686274,n
11,15006,0.991869918699187,0.957435254803676,0.7637278421964547,a
12,3344,2.3157894736842106,0.7050436263034688,0.4953648325358851,n
13,24824,0.5420560747663551,0.7922105318672046,0.6051200451176281,a
14,728,1.0769230769230769,0.9635901778154108,0.7815934065934066,n
15,2652,1.0196078431372548,0.775858200583352,0.6519607843137255,n
16,987,2.238095238095238,0.9377958079783636,0.7026342451874367,n
17,17751,0.5300546448087432,0.9189442658092176,0.7728015323080389,a
18,1342,2.772727272727273,0.9018810371123538,0.6609538002980626,n
19,9984,2.4375,0.6836692147324531,0.4926883012820512,p
20,11583,1.7654320987654322,0.6379720993535216,0.4856254856254856,p
21,880,2.2,0.8698738170347003,0.6267045454545455,p
22,5016,3.473684210526316,0.6273764258555133,0.3782894736842105,p
23,18281,0.5580110497237569,0.7356567359940042,0.5369235818609486,a
24,1404,2.076923076923077,0.8087005019520357,0.5163817663817664,n
25,891,1.2222222222222223,0.9706498951781972,0.7794612794612794,n
26,828,1.565217391304348,0.8603827072997874,0.7330917874396136,n
27,21330,1.1703703703703705,0.7765519558704114,0.6500937646507267,a
28,551,1.5263157894736843,0.9815618221258134,0.8212341197822142,n
29,1595,1.896551724137931,0.7949145477282201,0.5978056426332289,n
30,1380,2.608695652173913,0.8861386138613861,0.6485507246376812,p
31,3525,1.5957446808510638,0.9676078295513598,0.7923404255319149,n
32,16380,0.5055555555555555,0.8211002427005957,0.6815934065934066,a
33,43452,0.4640522875816993,0.8190244192264274,0.6344932339132836,a
34,2232,2.3225806451612905,0.8939845145920191,0.6724910394265233,p
35,560,0.7142857142857143,0.9860696517412936,0.8848214285714285,n
36,936,1.3846153846153846,0.8369497830130193,0.7211538461538461,n
37,9118,0.2422680412371134,0.8450721226386626,0.7678218907655188,a
38,594,0.8148148148148148,0.9742574257425742,0.8282828282828283,n
39,638,1.318181818181818,0.8621761658031089,0.6520376175548589,n
40,16038,1.6363636363636365,0.5899648917495611,0.3771979049756827,t
41,3604,0.7794117647058824,0.939446916719644,0.8200610432852387,n
42,23352,0.8273809523809523,0.4614296259842519,0.3212144570058239,t
43,14062,0.4438202247191011,0.907300629823472,0.7273503057886502,a
44,31320,0.4296296296296296,0.614430115022656,0.4221264367816092,a
45,1998,2.740740740740741,0.8154574132492114,0.6468968968968969,p
46,756,0.9642857142857144,0.9344524380495604,0.7731481481481481,n
47,891,0.8181818181818182,0.9570237331622836,0.8372615039281706,n
48,2478,1.4047619047619049,0.9456821026282852,0.7623083131557707,n
49,11305,0.7983193277310925,0.8782120492334269,0.7195046439628483,a
50,4224,0.9696969696969696,0.980115273775216,0.8051609848484849,a
51,3700,1.48,0.9175654853620956,0.8047297297297298,a
52,972,0.75,0.8890330953926022,0.7047325102880658,n
53,18334,0.4320388349514563,0.7881692775309797,0.6435311443220246,a
54,11475,1.588235294117647,0.8965936739659367,0.7064923747276688,n
55,7216,1.0731707317073171,0.7649918962722853,0.5559866962305987,a
56,4316,1.5961538461538465,0.9186333699231614,0.7756024096385542,a
57,48804,0.4427710843373494,0.9175682132836716,0.7672629292680928,a
58,5289,0.3178294573643411,0.7319062181447502,0.6108905275099262,n
59,15522,0.3919597989949748,0.8747814186877518,0.741270454838294,a
60,1330,0.9210526315789472,0.754726368159204,0.5703007518796992,n
61,544,1.8823529411764703,0.92512077294686,0.7040441176470589,n
62,510,1.7647058823529411,0.9730994152046784,0.8156862745098039,n
63,23808,0.6458333333333334,0.833028176177398,0.6879620295698925,a
64,756,1.7142857142857142,0.8237051792828686,0.546957671957672,n
65,29450,0.3064516129032258,0.8205801599618001,0.7002376910016977,c
66,15568,0.8057553956834532,0.7994131511857232,0.5337551387461459,c
67,25414,1.4809160305343512,0.9083783057800786,0.7318603919099709,c
68,667,1.2608695652173914,0.883129123468426,0.7023988005997002,n
69,1166,2.409090909090909,0.7105788423153693,0.457975986277873,n
70,3654,0.9206349206349206,0.6442898738272403,0.5450191570881227,a
71,525,1.1904761904761905,0.9796380090497736,0.8247619047619048,n
72,5248,1.28125,0.7894605081987733,0.6008955792682927,n
73,638,1.318181818181818,0.9734513274336284,0.7758620689655172,n
74,7296,0.7916666666666666,0.7388616112020367,0.5568804824561403,a
75,12710,0.5290322580645161,0.6446026349341266,0.4773406766325728,n
76,720,1.25,0.9590382902938558,0.7479166666666667,n
77,660,2.933333333333333,0.8244620611551529,0.5515151515151515,n
78,1625,2.6,0.7445290199809705,0.4815384615384615,n
79,3904,1.0491803278688523,0.7029309488325882,0.5436731557377049,n
80,6580,1.3428571428571427,0.8838827520222666,0.7721884498480243,n
81,560,1.4,0.9473094170403588,0.7544642857142857,n
82,7268,0.8586956521739131,0.6192619261926192,0.5206384149697303,a
83,16215,1.2260869565217392,0.726068248626081,0.5255319148936171,p
84,13725,2.44,0.747860270700637,0.5475045537340619,p
85,14385,1.3047619047619048,0.7353365818444324,0.5664928745220716,p
86,14620,1.976744186046512,0.6729498381159356,0.5189124487004104,p
87,12160,1.3473684210526315,0.8086855755435383,0.6025904605263158,p
88,11900,2.573529411764706,0.6959150234476524,0.5175210084033613,p
89,516,3.583333333333333,0.8763040238450075,0.5697674418604651,n
90,3584,1.1428571428571428,0.7488275143303804,0.6014229910714286,a
91,930,1.0333333333333334,0.9564912280701754,0.7327956989247312,n
92,1785,1.457142857142857,0.7184539598332702,0.5310924369747899,n
93,2401,1.0,0.7979735953331286,0.5412328196584756,n
94,64214,0.5861027190332326,0.8995842758452038,0.6874435481359206,a
95,20992,0.7804878048780488,0.8657495894688669,0.7660060975609756,a
96,31080,0.6306306306306306,0.9181496003619364,0.7835585585585586,a
97,196248,0.4464555052790347,0.9407615812857664,0.8016616729852024,c
98,35532,0.4468085106382978,0.9168436529978762,0.7897106833277046,a
99,23370,0.5560975609756098,0.9153131038805036,0.7499144201968335,a
100,5733,2.3877551020408165,0.942070171603454,0.7517006802721088,n
101,6710,1.8032786885245904,0.9674963396778916,0.7385991058122205,n
102,40921,0.5571955719557196,0.9689262014601776,0.8545734463967156,a
103,7370,1.6417910447761197,0.9271758436944938,0.7436906377204885,n
104,29900,0.5652173913043478,0.9275934547311764,0.7896488294314381,a
105,4131,1.588235294117647,0.7946808510638298,0.4520697167755991,n
106,10656,2.055555555555556,0.59679723329073,0.3724662162162162,
107,49862,0.9184549356223176,0.7917757988475642,0.6062733143475993,t
108,1950,0.78,0.867014742014742,0.7238461538461538,n
109,768,3.0,0.8223175965665236,0.6236979166666666,n
110,4949,0.4851485148514851,0.664257840728429,0.4643362295413215,n
111,748,1.5454545454545454,0.8676081200353045,0.6570855614973262,n
112,3876,3.3529411764705883,0.9266211604095564,0.7004643962848297,n
113,504,1.5555555555555556,0.9387464387464388,0.6537698412698413,n
114,2668,1.2608695652173914,0.7370675453047776,0.4192278860569715,n
115,1708,2.1785714285714284,0.775030401297122,0.5597189695550351,n
116,3082,1.4565217391304348,0.7265010351966874,0.5692731992212848,n
117,845,5.0,0.938403041825095,0.7301775147928994,n
118,1088,0.9411764705882352,0.938279301745636,0.6916360294117647,n
119,62532,0.595679012345679,0.9744346465652112,0.8765112262521589,a
120,500,1.25,0.9251700680272108,0.68,n
121,600,1.5,0.9857142857142858,0.805,n
122,27984,0.6226415094339622,0.969889922383836,0.8327973127501429,a
123,10176,0.9056603773584906,0.7909237283081877,0.6516804245283019,a
124,564,3.9166666666666665,0.8593939393939394,0.6285460992907801,n
125,1536,2.6666666666666665,0.7716390423572744,0.5455729166666666,n
126,31482,0.803030303030303,0.637453235416378,0.4383933676386506,n
127,1716,0.8863636363636364,0.7659090909090909,0.5891608391608392,n
128,23985,1.5853658536585369,0.8174424355663021,0.6201792787158641,c
129,76500,0.6617647058823529,0.8156053671185673,0.6126209150326798,c
130,5371,3.1951219512195124,0.7975181226194864,0.6042636380562278,n
131,602,3.071428571428572,0.6768802228412256,0.4036544850498338,n
132,1155,2.619047619047619,0.8850029638411381,0.6463203463203463,n
133,18765,0.9712230215827338,0.4918534069645384,0.2871569411137756,c
134,2046,0.532258064516129,0.8398268398268398,0.7585532746823069,n
135,62878,0.3530805687203791,0.928846843223488,0.8447708260440854,c
136,18240,0.7894736842105263,0.7043240989881381,0.5094572368421053,a
137,38304,0.7633928571428571,0.8075030652378147,0.6619674185463659,a
138,30592,0.5355648535564853,0.9700503878163392,0.84012160041841,a
139,14016,0.6575342465753424,0.932320952185512,0.8103595890410958,a
140,4080,0.6375,0.768160741885626,0.6090686274509803,n
141,9991,0.941747572815534,0.8094848217659655,0.6432289060154138,a
142,3735,1.8444444444444448,0.9070149799050056,0.6646586345381527,a
143,8662,1.7183098591549295,0.8649044497140466,0.71582775340568,a
144,51340,0.4441176470588235,0.8268551772211362,0.5314082586677055,a
145,1364,1.4193548387096775,0.8076020647583294,0.6308651026392962,n
146,4697,1.2622950819672132,0.8804980376234944,0.6925697253566107,n
147,825,3.6666666666666665,0.7481132075471698,0.4806060606060606,n
148,8214,1.5,0.9851368970013038,0.9198928658388118,a
149,21780,0.45,0.9390776028721348,0.7806244260789715,a
150,12496,0.6197183098591549,0.9111111111111112,0.7251120358514724,a
151,648,0.8888888888888888,0.9776632302405498,0.8780864197530864,n
152,600,1.0416666666666667,0.9667616334283,0.8483333333333334,n
153,880,1.818181818181818,0.9638109305760708,0.7414772727272727,n
154,740,1.85,0.8721461187214612,0.6452702702702703,n
155,7622,1.391891891891892,0.9131569664903,0.84912096562582,a
156,2200,1.375,0.7112998040496408,0.495,n
157,15609,1.0661157024793388,0.8538823813549088,0.6795118201037863,a
158,1406,0.9736842105263158,0.7695099818511797,0.6031294452347084,n
159,7155,0.3925925925925926,0.6634792525660146,0.5285115303983229,n
160,129456,0.5262096774193549,0.8725892150403595,0.7110446792732666,c
161,798,2.210526315789474,0.8836805555555556,0.6378446115288221,n
162,816,2.823529411764706,0.9178082191780822,0.6979166666666666,n
163,13524,0.6258503401360545,0.8531228551818806,0.6893300798580302,a
164,10010,1.6883116883116882,0.9471497650343936,0.6946553446553446,a
165,14964,0.5058139534883721,0.7694126278889659,0.6307137129109863,a
166,24402,0.8855421686746988,0.9050373306295512,0.8047496106876486,c
167,60672,0.92578125,0.8412155668632588,0.6852831619198312,c
168,918,1.2592592592592593,0.8458445040214477,0.6873638344226579,n
169,504,1.1428571428571428,0.8909090909090909,0.7291666666666666,n
170,1680,0.9523809523809524,0.8618840093865237,0.7651785714285714,n
171,43665,0.3464788732394366,0.7168049615784362,0.4817359441200046,a
172,12155,0.5944055944055944,0.7607400114007359,0.6038667215137803,a
173,32314,0.705607476635514,0.9132842925140632,0.8164417899362505,c
174,10560,2.4242424242424243,0.9362444972929213,0.8760890151515152,c
175,26730,0.9818181818181818,0.8450404028574775,0.6748784137673026,c
176,6600,1.5151515151515151,0.6936416184971098,0.509090909090909,n
177,5436,0.23841059602649,0.8539394557129752,0.7706033848417955,n
178,768,1.3333333333333333,0.8851224105461394,0.6119791666666666,n
179,648,2.0,0.7954545454545454,0.5941358024691358,n
180,1080,1.875,0.9372359686179844,0.7189814814814814,n
181,2394,1.3571428571428572,0.6514931864308495,0.4692982456140351,n
182,9945,0.7264957264957265,0.6955339805825242,0.4502262443438914,a
183,975,1.56,0.8825396825396825,0.5702564102564103,n
184,594,4.909090909090909,0.9032992036405004,0.6683501683501684,n
185,731,2.5294117647058822,0.7497691597414589,0.5554035567715458,n
186,837,1.148148148148148,0.7468253968253968,0.562126642771804,n
187,25420,1.0580645161290323,0.8623595505617978,0.7065106215578285,c
188,42240,0.7333333333333333,0.8342508710801394,0.5668323863636363,c
189,12927,0.6690647482014388,0.84187094070815,0.6216832985224724,a
190,3735,1.8444444444444448,0.8075386486017023,0.6223560910307898,n
191,1058,0.5,0.91351943076081,0.7887523629489603,n
192,3520,2.2,0.8736079193919039,0.7019886363636364,n
193,2035,1.4864864864864864,0.9333999333999334,0.6886977886977887,n
194,19203,1.5585585585585586,0.879474159683499,0.735093474977868,c
195,6486,1.3623188405797102,0.8271551724137931,0.4438020351526364,n
196,2325,0.2688172043010752,0.8502061383417315,0.7982795698924732,n
197,2788,0.6029411764705882,0.8918217221981826,0.7392395982783357,n
198,14104,0.524390243902439,0.7018125871436127,0.5174773114010209,a
199,15136,2.046511627906977,0.91399726734477,0.7955206131078224,c
200,624,0.9230769230769232,0.941468253968254,0.7604166666666666,n
201,3168,0.4090909090909091,0.8319025753643442,0.6576704545454546,n
202,20375,1.304,0.8702050019283828,0.7198036809815951,c
203,1394,1.2058823529411764,0.8123152709359606,0.5914634146341463,n
204,42135,0.6,0.7695167286245354,0.6755072979708081,c
205,93291,1.4124513618677044,0.7972896567731799,0.717984585865732,t
206,2294,1.6756756756756757,0.6903208974693451,0.576721883173496,n
207,2583,1.5365853658536586,0.7041095890410959,0.4477351916376306,n
208,18375,1.176,0.6508089059746917,0.4422312925170068,t
209,9936,0.2318840579710145,0.5998358171255368,0.4780092592592592,t
210,533,3.1538461538461537,0.9482758620689656,0.5675422138836773,n
211,1701,2.333333333333333,0.7965616045845272,0.3268665490887713,n
212,700,1.12,0.9397849462365592,0.6242857142857143,n
213,1488,0.6458333333333334,0.9230769230769232,0.6814516129032258,n
214,540,1.6666666666666667,0.988998899889989,0.8324074074074074,n
215,5904,1.1388888888888888,0.7555276118620978,0.6106029810298103,a
216,1560,1.7333333333333334,0.7175036927621861,0.6227564102564103,n
217,855,3.8,0.7956093868281605,0.6146198830409356,n
218,3055,1.3829787234042554,0.8290731707317073,0.695417348608838,n
219,767,4.538461538461538,0.65625,0.424380704041721,n
220,3432,1.2692307692307692,0.5989960959286112,0.4694055944055944,n
221,7110,0.8777777777777778,0.6980374665477252,0.5502812939521801,a
222,520,3.076923076923077,0.7651296829971181,0.510576923076923,n
223,551,1.5263157894736843,0.9414694894146948,0.6860254083484574,n
224,1450,1.7241379310344829,0.7117405207857469,0.5372413793103449,n
225,517,4.2727272727272725,0.9377289377289376,0.7427466150870407,n
226,848,3.3125,0.747538048343778,0.4923349056603773,n
227,705,3.1333333333333333,0.908355795148248,0.7170212765957447,n
228,2701,1.972972972972973,0.633067838505905,0.426693817104776,n
229,2100,2.333333333333333,0.636587945012337,0.43,n
230,600,4.166666666666667,0.912087912087912,0.6916666666666667,n
231,2100,5.25,0.7473811442385173,0.4416666666666666,n
232,975,1.56,0.9108695652173912,0.6446153846153846,n
233,714,3.642857142857143,0.7465940054495913,0.5756302521008403,n
234,1824,7.125,0.83,0.6143092105263158,n
235,520,8.125,0.8883116883116883,0.6576923076923077,n
236,1834,9.357142857142858,0.7868235294117647,0.4558342420937841,n
237,1248,8.666666666666666,0.7986577181208053,0.4290865384615384,n
238,2916,4.0,0.7073966642494561,0.3345336076817558,n
239,1248,7.384615384615385,0.6798116539140671,0.4627403846153846,n
240,6232,4.315789473684211,0.6434773725610379,0.5053754813863928,n
241,748,6.181818181818182,0.6962663975782039,0.4612299465240642,n
242,4536,3.5,0.6685547231865522,0.4033289241622575,n
243,1584,0.8181818181818182,0.6613234689683518,0.5078914141414141,n
244,3080,1.925,0.8135740700456819,0.6071428571428571,n
245,612,1.8888888888888888,0.7679222357229648,0.5163398692810458,n
246,1232,1.5714285714285714,0.8727666486193828,0.6542207792207793,n
247,2881,1.558139534883721,0.9441021126760564,0.7445331482124262,n
248,19425,0.5675675675675675,0.5462335010573908,0.3856113256113256,c
249,2109,0.6491228070175439,0.835158817086528,0.7230915125651968,n
250,957,0.8787878787878788,0.917661847894406,0.7628004179728317,n
251,27160,0.7216494845360825,0.7523152270703473,0.6221281296023564,c
252,24073,1.3609022556390975,0.6718549193202913,0.4886179537240892,n
253,3648,0.631578947368421,0.8190012619433928,0.6226699561403509,n
254,675,3.0,0.9630032644178456,0.6555555555555556,n
255,36946,0.896551724137931,0.704726765057838,0.4781979104639203,c
256,13013,1.5714285714285714,0.7695372750642674,0.4600783831553062,n
257,16740,0.5166666666666667,0.79315529462304,0.6617682198327359,a
258,504,3.5,0.8727524204702628,0.6259920634920635,n
259,858,1.2692307692307692,0.9231378763866878,0.6789044289044289,n
260,7128,0.4090909090909091,0.7760999739651132,0.6273148148148148,a
261,10921,0.4110429447852761,0.6678496736168325,0.4824649757348228,n
262,17835,1.1788617886178865,0.5879437736529104,0.3658536585365853,c
263,9394,2.5245901639344264,0.8283397161522865,0.5871300830317224,n
264,31240,0.6454545454545455,0.5682388949929368,0.4635403329065301,c
265,42980,0.4560260586319218,0.9607914843596944,0.8557817589576547,a
266,38252,0.5572519083969466,0.9021324965579072,0.7365497228903064,a
267,13685,1.0347826086956522,0.958686487685822,0.7893313847278042,a
268,13685,0.9663865546218487,0.7932117020792575,0.6369747899159663,a
269,17408,0.9411764705882352,0.8815249844154992,0.7717141544117647,a
270,540,0.7407407407407407,0.976482617586912,0.8842592592592593,n
271,4601,0.4018691588785046,0.7220556745182013,0.5496631167137579,a
272,1449,0.365079365079365,0.956342668863262,0.8012422360248447,n
273,19550,1.4782608695652173,0.828613505967539,0.6907161125319693,c
274,21280,0.5894736842105263,0.692354211663067,0.5648966165413534,n
275,47478,0.3186528497409326,0.7284251915124398,0.5657883651375374,n
276,19026,1.1984126984126984,0.8459880755692838,0.6189950593924104,a
277,27384,1.030674846625767,0.8924568372202777,0.8286773298276365,n
278,21204,0.7251461988304093,0.9640590152684853,0.7950622524052066,a
279,52096,1.681818181818182,0.8645943949397479,0.7189131603194103,c
280,82467,0.4240362811791383,0.895565627076629,0.7272242230225423,c
281,16261,1.594059405940594,0.9038857019157918,0.7703400774860095,n
282,1794,2.6538461538461537,0.7223001402524544,0.4306020066889632,n
283,5005,1.1846153846153846,0.7238208246811035,0.4875124875124875,n
284,1180,2.95,0.7295373665480427,0.4343220338983051,n
285,227010,0.5243161094224924,0.9093564543362568,0.843398969208405,c
286,943,0.5609756097560976,0.9357798165137616,0.8112407211028632,n
287,4092,0.2661290322580645,0.8054862842892768,0.7104105571847508,n
288,20720,0.2642857142857143,0.6716769172837956,0.5165299227799228,t
289,5390,1.7818181818181815,0.6360191967668604,0.4671614100185529,t
290,12956,1.9268292682926829,0.9171415850400712,0.7949598641556036,t
291,1920,0.46875,0.9565217391304348,0.8020833333333334,n
292,13752,2.6527777777777777,0.7710055948903303,0.5661721931355439,t
293,31465,1.3096774193548386,0.7195479204339964,0.6323057365326553,t
294,70216,0.2557251908396946,0.6069207375544535,0.4732254756750598,t
295,45799,0.6236162361623616,0.926607559250135,0.7678770278827048,a
296,42032,0.5211267605633803,0.9618045749788195,0.8102755043776171,a
297,33396,0.5217391304347826,0.965819128450182,0.8109803569289735,a
298,780,1.95,0.8934131736526946,0.4782051282051282,n
299,864,3.375,0.7068793619142573,0.4103009259259259,n
300,15162,1.1666666666666667,0.9627739907751336,0.7778327397440971,a
301,2480,1.55,0.8677410391775493,0.6296370967741935,n
302,27302,1.2808219178082192,0.6293914429976083,0.4337411178668229,n
303,1836,0.7058823529411765,0.9082480818414322,0.7736928104575164,n
304,1430,2.1153846153846154,0.7725988700564972,0.5737762237762237,n
305,750,3.333333333333333,0.9226890756302522,0.732,n
306,1591,1.162162162162162,0.7988714228133817,0.6228786926461345,n
307,44457,0.9269406392694064,0.7389847501451111,0.6300245180736442,t
308,131646,0.3743676222596964,0.9328108309228608,0.8855453261018185,t
309,1386,2.863636363636364,0.9633507853403142,0.7965367965367965,n
310,936,1.625,0.8199581297976274,0.6276709401709402,n
311,21424,0.5048543689320388,0.8926555267020436,0.7380741224794622,a
312,39168,0.59765625,0.792442320659025,0.6901296977124183,a
313,9768,1.7837837837837838,0.9759147501766976,0.9188165438165438,n
314,11524,1.558139534883721,0.9424245599329422,0.7805015619576536,n
315,148009,0.5411089866156787,0.5327697740812252,0.436247120107561,c
316,17292,1.0076335877862594,0.9438573315719948,0.7437543372657877,a
317,19320,0.9857142857142858,0.959280987197642,0.8590579710144928,a
318,952,1.2142857142857142,0.9198448610213316,0.7473739495798319,n
319,630,1.9444444444444444,0.9190573770491804,0.7119047619047619,n
320,1320,2.2916666666666665,0.8579682233991334,0.675,n
321,1248,1.21875,0.868270332187858,0.6073717948717948,n
322,24402,0.8855421686746988,0.8259477055549722,0.6446602737480535,a
323,820,2.05,0.9616919393455706,0.7347560975609756,n
324,16878,0.5574712643678161,0.8914627311787783,0.7068373029979855,a
325,2091,0.803921568627451,0.7227233052080303,0.593974175035868,n
326,40700,0.5381818181818182,0.9589533747716878,0.832039312039312,a
327,29110,0.6926829268292682,0.7921413400270323,0.7046547578151838,a
328,11832,0.6397058823529411,0.798876404494382,0.6309584178498986,a
329,13524,0.5217391304347826,0.87015521466824,0.7088509316770186,a
330,46268,0.6394052044609665,0.9112313395451358,0.6880025071323593,a
331,798,4.071428571428571,0.8770851624231782,0.6259398496240601,p
332,31356,0.4365671641791044,0.736129464366526,0.6484564357698686,n
333,90045,0.2023988005997001,0.9347605332699902,0.8740574157365761,c
334,6200,2.48,0.9077954735959766,0.6987096774193549,n
335,45510,1.0829268292682928,0.8917599060394387,0.7924631949022193,c
336,960,1.6666666666666667,0.8860139860139861,0.6598958333333333,n
337,3875,6.2,0.8621663244353183,0.4334193548387097,n
338,9100,1.098901098901099,0.6952980079038632,0.4736813186813187,n
339,28892,0.5321888412017167,0.9049915261076588,0.7762529419908625,n
340,87514,0.202127659574468,0.9164954714007004,0.8105445985785131,n
341,1537,1.827586206896552,0.8846801346801347,0.6837996096291477,n
342,1440,1.1111111111111112,0.8848789401553221,0.6725694444444444,n
343,46644,0.408284023668639,0.4452344726812587,0.3168253151530743,a
344,1628,1.1891891891891893,0.8815843201306656,0.663083538083538,n
345,672,0.8571428571428571,0.9220055710306406,0.7388392857142857,n
346,9804,0.7543859649122807,0.9208563868174164,0.780905752753978,a
347,1855,1.5142857142857142,0.868828297715549,0.6355795148247978,n
348,748,0.6470588235294118,0.9389489953632147,0.8121657754010695,n
349,13616,0.6216216216216216,0.8410330373642223,0.6852232667450059,a
350,118976,0.2400568181818181,0.6398243133843236,0.4450687533620226,a
351,1122,3.882352941176471,0.7586649550706034,0.5267379679144385,p
352,2652,0.9807692307692308,0.8690972984845157,0.7460407239819005,n
353,28126,0.3414634146341463,0.6301470251454221,0.4891559411220934,n
354,9604,1.0,0.5704474966770049,0.4021761765930862,n
355,19224,2.426966292134832,0.8610217348479874,0.6820900957136912,c
356,1760,0.275,0.9053880692751765,0.8019886363636364,n
357,160458,0.4956063268892794,0.6906773436587782,0.571395630009099,c
358,609,0.7241379310344828,0.9490084985835694,0.8251231527093597,n
359,1188,0.4074074074074074,0.912087912087912,0.8034511784511784,
360,1254,3.473684210526316,0.7976125881714595,0.5861244019138756,n
361,2325,0.2688172043010752,0.9035573122529644,0.7374193548387097,n
362,594,0.8148148148148148,0.9289883268482492,0.8038720538720538,n
363,12832,0.0798004987531172,0.8871132267936076,0.609959476309227,n
364,672,3.4285714285714284,0.8918099089989889,0.65625,n
365,2627,1.9189189189189189,0.7681775259678942,0.6193376475066615,n
366,702,2.1666666666666665,0.8907882241215574,0.6680911680911681,n
367,1200,1.3333333333333333,0.8215451577801959,0.6291666666666667,n
368,636,4.416666666666667,0.9164086687306502,0.6981132075471698,p
369,644,3.2857142857142856,0.8512696493349455,0.546583850931677,n
370,60507,1.0246913580246917,0.5620012593737478,0.4056390169732428,a
371,175119,0.41321044546851,0.7379014133746192,0.590598393092697,c
372,3304,1.0535714285714286,0.761865112406328,0.5538740920096852,n
373,17533,0.4517766497461929,0.7701023791306882,0.6027776193463754,a
374,2912,0.9285714285714286,0.7242280285035629,0.5235233516483516,n
375,1288,1.6428571428571428,0.6004464285714286,0.4177018633540372,n
376,820,2.05,0.8500881834215167,0.5878048780487805,n
377,851,0.6216216216216216,0.972203838517538,0.86310223266745,n
378,1479,0.5686274509803921,0.8926315789473684,0.7167004732927654,n
379,4015,0.7534246575342466,0.7621612230715775,0.5463262764632628,n
380,896,1.1428571428571428,0.8954063604240282,0.70703125,n
381,720,0.5555555555555556,0.9505791505791504,0.8548611111111111,n
382,612,2.117647058823529,0.7910284463894968,0.5906862745098039,n
383,1505,1.2285714285714286,0.7679195804195804,0.5837209302325581,n
384,29682,1.2679738562091505,0.6168124346420762,0.43718415201132,c
385,2340,1.805555555555556,0.858128078817734,0.5583333333333333,n
386,589,1.631578947368421,0.931350114416476,0.6910016977928692,n
387,532,1.4736842105263157,0.9714611872146118,0.799812030075188,n
388,3968,1.032258064516129,0.597636091226902,0.4523689516129032,n
389,5248,0.7804878048780488,0.7216388108268008,0.46484375,a
390,504,1.5555555555555556,0.9219330855018588,0.7380952380952381,n
391,12834,0.3709677419354839,0.8724899598393574,0.6771076827177809,a
392,572,1.181818181818182,0.9497663551401868,0.7106643356643356,n
393,7252,0.7551020408163265,0.613198900091659,0.3228764478764478,a
394,4648,1.4821428571428572,0.8490064371676462,0.6526462994836488,n
395,988,1.4615384615384617,0.9166666666666666,0.5455465587044535,n
396,1860,2.066666666666667,0.7616,0.5118279569892473,n
397,1674,1.7419354838709675,0.8232445520581114,0.6093189964157706,n
398,12600,0.875,0.6052545585255865,0.3675,a
399,540,6.666666666666667,0.758998435054773,0.449074074074074,n
400,639,7.888888888888889,0.8118556701030928,0.4929577464788732,n
401,975,4.333333333333333,0.7265388496468214,0.3692307692307692,n
402,568,8.875,0.7991573033707865,0.5008802816901409,n
403,1139,3.941176470588236,0.7557557557557557,0.3314310798946444,n
404,600,4.166666666666667,0.8843159065628476,0.6625,n
405,1026,2.8421052631578947,0.7634500426985482,0.435672514619883,n
406,760,7.6,0.7282157676348547,0.4618421052631579,n
407,884,3.0588235294117645,0.8752136752136752,0.579185520361991,n
408,2460,2.7333333333333334,0.6382795698924731,0.3016260162601626,n
409,1957,5.421052631578948,0.5988120950323974,0.2833418497700562,n
410,2120,0.7547169811320755,0.7902829028290282,0.6061320754716981,n
411,51863,1.101382488479263,0.9378664767967834,0.8635250563985886,n
412,504,2.571428571428572,0.8375706214689266,0.5882936507936508,n
413,860,2.15,0.8544152744630071,0.6244186046511628,n
414,918,1.2592592592592593,0.9391056137012368,0.5375816993464052,n
415,532,2.7142857142857144,0.967741935483871,0.7894736842105263,n
416,520,3.076923076923077,0.9414483821263482,0.5875,n
417,816,3.1875,0.8510121457489879,0.6439950980392157,n
418,7533,1.148148148148148,0.7600145006344028,0.5566175494490907,a
419,897,1.6956521739130437,0.7048054919908466,0.5150501672240803,n
420,1960,0.8163265306122449,0.7951645399597045,0.6040816326530613,n
421,1435,0.8536585365853658,0.8384506376948512,0.6184668989547039,n
422,3212,0.6027397260273972,0.7967391304347826,0.5705168119551681,n
423,16891,1.047244094488189,0.6821603927986907,0.3701379432834054,a
424,544,2.125,0.8573388203017832,0.5744485294117647,n
425,2080,0.7692307692307693,0.913111668757842,0.6997596153846154,n
426,19706,1.4152542372881356,0.8294679919265776,0.5526489394093169,c
427,774,2.388888888888889,0.6900584795321637,0.4573643410852713,n
428,6000,2.4,0.8038168806088833,0.5896666666666667,n
429,702,0.9629629629629628,0.9293617021276596,0.7777777777777778,n
430,888,1.5416666666666667,0.9638157894736842,0.8248873873873874,n
431,902,0.5365853658536586,0.981132075471698,0.893569844789357,n
432,560,1.4,0.9552238805970148,0.8,n
433,945,2.142857142857143,0.7637231503579952,0.5079365079365079,n
434,55160,1.4213197969543148,0.849752053882022,0.6244198694706309,a
435,2625,0.4666666666666667,0.9585211902614968,0.8099047619047619,n
436,5320,1.0857142857142856,0.801606842037061,0.581390977443609,n
437,836,2.3157894736842106,0.8318794607454402,0.6273923444976076,n
438,1320,1.2121212121212122,0.9739900387382402,0.6666666666666666,n
439,722,2.0,0.9263636363636364,0.7056786703601108,n
440,2990,1.4130434782608696,0.899165061014772,0.7023411371237458,n
441,630,2.8,0.7508896797153025,0.5023809523809524,n
442,875,1.4,0.8099112426035503,0.6257142857142857,n
443,1980,0.4545454545454545,0.8315151515151515,0.692929292929293,n
444,996,6.916666666666667,0.7292666209732693,0.5341365461847389,n
445,5828,1.5161290322580645,0.672803168147276,0.539293067947838,n
446,11375,0.728,0.6937742905331085,0.4158681318681319,a
447,1150,0.5434782608695652,0.9477890250399574,0.7734782608695652,n
448,20790,0.4714285714285714,0.673322152960162,0.5117604617604617,a
449,10309,0.3609467455621302,0.6109407317595036,0.4154622174798719,a
450,1107,1.5185185185185186,0.8119001919385797,0.573170731707317,n
451,1271,0.7560975609756098,0.8601301115241635,0.7281667977970102,n
452,2304,0.4444444444444444,0.9450171821305842,0.7758246527777778,n
453,30096,0.6889952153110048,0.6501297402813817,0.4537147793726741,a
454,28182,0.5281385281385281,0.9344763727917768,0.7967851820310836,a
455,2538,0.2872340425531915,0.873741095553918,0.7007486209613869,n
456,1080,1.2,0.9333333333333332,0.6222222222222222,n
457,2772,1.431818181818182,0.7572347266881029,0.5097402597402597,n
458,7469,0.7938144329896907,0.5450110016263273,0.3813763556031597,a
459,1804,3.727272727272727,0.6387126019945603,0.3905210643015521,n
460,598,0.8846153846153846,0.94675701839303,0.8177257525083612,n
461,2728,0.3522727272727273,0.9164414414414416,0.7457844574780058,n
462,12788,0.6618705035971223,0.7298962386511024,0.5280731936190178,a
463,1995,0.6140350877192983,0.7600129198966409,0.5897243107769423,n
464,105798,0.4956709956709956,0.5610723958491829,0.4356745874213123,c
465,27580,0.7106598984771574,0.9538026657863244,0.838052936910805,a
466,600,1.5,0.9633507853403142,0.7666666666666667,n
467,1984,2.064516129032258,0.8063264697105341,0.6809475806451613,n
468,43790,0.5206896551724138,0.7300699047412076,0.4602991550582325,a
469,1880,4.7,0.7298270893371758,0.5388297872340425,n
470,11214,2.8253968253968256,0.9028025662052,0.8344925985375423,n
471,21823,0.8853503184713376,0.8132043757405417,0.676167346377675,n
472,68160,0.665625,0.773715603323424,0.5956792840375587,a
473,81590,0.5150753768844221,0.9046483078039116,0.7947910283122932,a
474,6552,2.0892857142857144,0.9610436025732666,0.8208180708180708,n
475,720,2.2222222222222223,0.9274563820018366,0.7013888888888888,n
476,34750,0.4496402877697841,0.9373179028923938,0.8285755395683453,a
477,31136,0.6205357142857143,0.8245792012587732,0.6395811921891058,a
478,121055,0.9605633802816902,0.9716151698828605,0.9229441163107678,c
479,99710,1.1457627118644067,0.964464812166146,0.8284424832012838,c
480,10320,0.7166666666666667,0.8343331795108445,0.7007751937984497,a
481,41225,0.228235294117647,0.7005912693420556,0.5403517283201941,c
482,924,2.095238095238096,0.8862679022746419,0.5692640692640693,n
483,1776,1.2972972972972974,0.7672064777327935,0.5335022522522522,n
484,2280,1.425,0.8074817518248175,0.5822368421052632,
485,35700,0.5490196078431373,0.802528807454101,0.6115966386554622,a
486,576,1.0,0.9651282051282052,0.8168402777777778,n
487,4929,1.7547169811320755,0.5607476635514018,0.4321363359707851,n
488,770,3.928571428571429,0.7908113391984359,0.5253246753246753,n
489,680,2.3529411764705883,0.7077844311377246,0.4345588235294118,n
490,765,3.4,0.8005591798695247,0.561437908496732,n
491,1550,2.48,0.5229251305861868,0.2906451612903226,n
492,1344,0.7619047619047619,0.7825327510917031,0.6666666666666666,n
493,629,2.176470588235294,0.8684503901895206,0.6192368839427663,n
494,731,2.5294117647058822,0.7986767485822306,0.5779753761969905,n
495,5916,2.2745098039215685,0.5749205573209484,0.3975659229208925,n
496,126567,0.929539295392954,0.8238799504094904,0.7061990882299494,c
497,6083,1.025974025974026,0.6604064039408867,0.5289330922242315,n
498,28085,1.4963503649635037,0.6739484684599579,0.508047000178031,n
499,528,2.0625,0.8607277289836889,0.6496212121212122,n
500,648,2.0,0.828365878725591,0.6219135802469136,n
501,2867,1.297872340425532,0.8111812051337829,0.6503313568189746,n
502,1560,2.708333333333333,0.9158456486042692,0.7150641025641026,n
503,9506,1.0103092783505154,0.717920540997464,0.446717862402693,n
504,504,3.5,0.8011049723756906,0.5753968253968254,n
505,4256,1.3571428571428572,0.7003464203233256,0.4275140977443609,n
506,756,1.037037037037037,0.7982385908726981,0.6593915343915344,n
507,682,1.4090909090909092,0.8463796477495108,0.6341642228739003,n
508,2775,2.027027027027027,0.6653971708378672,0.4407207207207207,n
509,48336,0.2688679245283019,0.7831415520555126,0.6491021185038067,c
510,8880,5.55,0.4916012415555961,0.3032094594594595,n
511,570,0.6333333333333333,0.9730769230769232,0.887719298245614,n
512,1144,0.4230769230769231,0.9352850539291218,0.7958916083916084,n
513,1785,0.6862745098039216,0.7555640828856485,0.5515406162464986,n
514,714,2.4705882352941178,0.8827225130890053,0.5903361344537815,n
515,3096,1.6744186046511629,0.658004158004158,0.4089147286821705,n
516,24064,0.3671875,0.668395592582639,0.5167677859042553,n
517,770,3.928571428571429,0.7447698744769874,0.577922077922078,n
518,644,1.2173913043478262,0.8053007135575942,0.6133540372670807,n
519,8854,0.1630901287553648,0.6636561818748054,0.4813643550937429,n
520,1008,1.75,0.5905454545454546,0.4027777777777778,n
521,158420,0.8,0.6575887146034782,0.5402442873374574,c
522,884,1.3076923076923077,0.8924657534246575,0.7369909502262444,n
523,22035,0.5794871794871795,0.8847808627810922,0.6999546176537327,a
524,23074,0.8373493975903614,0.9217456734386756,0.7698058420733292,a
525,868,0.9032258064516128,0.9706484641638226,0.8191244239631337,n
526,1680,1.3714285714285714,0.8951386098834874,0.6630952380952381,n
527,1024,1.0,0.9348219674109836,0.75634765625,n
528,728,1.0769230769230769,0.8876595744680851,0.7163461538461539,n
529,2210,1.911764705882353,0.9102209944751382,0.745475113122172,n
530,3900,0.6933333333333334,0.8202758215962441,0.7167948717948718,n
531,644,3.2857142857142856,0.9021190716448032,0.6940993788819876,n
532,11990,0.990909090909091,0.914460390653334,0.7360300250208507,a
533,32890,0.6217391304347826,0.8034513187567408,0.6228640924293098,a
534,1475,0.423728813559322,0.9318010550113036,0.8383050847457627,n
535,682,1.4090909090909092,0.8680765357502518,0.6319648093841642,n
536,984,1.7083333333333333,0.9032017870439316,0.6163617886178862,n
537,629,2.176470588235294,0.9748743718592964,0.7710651828298887,n
538,1435,1.1714285714285717,0.7711950970377937,0.5261324041811847,n
539,1470,1.6333333333333333,0.9136904761904762,0.7309523809523809,n
540,1176,1.5,0.9505434782608696,0.7436224489795918,n
541,7395,2.843137254901961,0.9277118644067796,0.7401622718052738,n
542,92235,0.5011655011655012,0.792261916426607,0.6574781807339947,a
543,13916,0.6901408450704225,0.6081255485003355,0.4232538085656798,a
544,1950,0.4615384615384615,0.8279809220985691,0.6676923076923077,n
545,3500,1.4,0.905906952430737,0.7427142857142857,n
546,621,1.173913043478261,0.8918128654970761,0.7367149758454107,n
547,2460,1.4634146341463414,0.7563671311869293,0.6398373983739838,n
548,34122,0.5826446280991735,0.7578262503213559,0.5615292186858918,a
549,130872,0.397212543554007,0.6441899547809213,0.4261644966073721,c
550,57892,0.4645892351274787,0.9450069241421756,0.7956539763697921,a
551,3975,0.7066666666666667,0.723386279148361,0.5384905660377358,n
552,2583,1.5365853658536586,0.6156674208144797,0.4214092140921409,n
553,2880,0.3555555555555555,0.8200043112739814,0.6604166666666667,n
554,1003,3.4705882352941178,0.9063307493540051,0.6994017946161516,n
555,6930,1.4142857142857144,0.8570437196391395,0.7128427128427128,n
556,10767,0.8738738738738738,0.6996709542327251,0.5430946410327854,a
557,14664,0.6025641025641025,0.706974367708422,0.5661483906164757,a
558,696,1.2083333333333333,0.8170616113744076,0.6192528735632183,n
559,697,2.411764705882353,0.9700499168053244,0.836441893830703,n
560,13797,0.3862433862433862,0.6374870140521625,0.4225193882728129,a
561,1536,0.6666666666666666,0.7531363820315662,0.6057942708333334,n
562,18512,0.5842696629213483,0.8647898868257621,0.7409248055315472,a
563,1972,2.3448275862068964,0.8686904341687257,0.6239858012170385,p
564,540,5.4,0.7877604166666666,0.5601851851851852,p
565,1120,0.7,0.818131256952169,0.6566964285714286,n
566,1190,1.0294117647058822,0.7819420783645656,0.5785714285714286,n
567,5220,0.6444444444444445,0.8569958847736625,0.718103448275862,n
568,2240,1.4,0.8191031162908539,0.7216517857142857,n
569,714,3.642857142857143,0.8268398268398268,0.5350140056022409,p
570,5307,0.7011494252873564,0.8417861080485116,0.7193329564725833,n
571,33971,1.31055900621118,0.611352525801195,0.3975744016955638,t
572,580,5.8,0.8708074534161491,0.6043103448275862,n
573,1344,3.0476190476190474,0.7474421109316102,0.5163690476190477,p
574,728,3.7142857142857135,0.7545008183306056,0.6332417582417582,p
575,672,3.4285714285714284,0.8552311435523114,0.5230654761904762,p
576,1232,2.5454545454545454,0.7851985559566786,0.5296266233766234,n
577,540,1.35,0.9923413566739606,0.8398148148148148,n
578,16380,0.5055555555555555,0.8708159192740691,0.705982905982906,a
579,1848,2.357142857142857,0.7839098328799067,0.5457251082251082,n
580,1188,0.9166666666666666,0.9277436946148604,0.5728114478114478,n
581,918,2.833333333333333,0.949528936742934,0.7685185185185185,n
582,4485,0.9420289855072465,0.914065722535405,0.7411371237458194,n
583,3869,1.3773584905660377,0.8839616810877626,0.7393383303179116,n
584,10165,0.8878504672897196,0.9160322311753264,0.8108214461387112,a
585,13311,0.5686274509803921,0.8005847410432523,0.6479978964765983,a
586,36462,0.8592233009708737,0.9712389705342592,0.9071636224014042,a
587,43245,0.5555555555555556,0.9770487847385144,0.842652329749104,a
588,704,1.4545454545454546,0.9878682842287696,0.8096590909090909,n
589,38100,0.5905511811023622,0.8359804567245103,0.7162992125984252,a
590,2494,1.3488372093023255,0.9220611082340756,0.7139133921411387,n
591,34510,0.6092436974789915,0.9353131381892444,0.7962764416111272,a
592,621,1.173913043478261,0.9895931882686848,0.8421900161030595,n
593,22896,0.9056603773584906,0.8408665136283279,0.6959294199860238,t
594,47952,0.972972972972973,0.8580997241262995,0.7427218885552219,t
595,7348,0.2634730538922156,0.8329494982727422,0.6890990745781165,n
596,561,1.9411764705882355,0.9766146993318484,0.7816399286987522,n
597,676,1.0,0.9539641943734016,0.8276627218934911,n
598,1360,0.85,0.8688594617684751,0.7477941176470588,n
599,1369,1.0,0.9089037570766856,0.6449963476990505,n
600,3570,2.023809523809524,0.8710294680443934,0.6375350140056022,n
601,1110,1.2333333333333334,0.8751529987760098,0.6441441441441441,n
602,34438,0.5214007782101168,0.8728065674704977,0.7409402404320808,a
603,5270,1.3709677419354838,0.7926630031189663,0.5063567362428842,n
604,51480,1.5888888888888888,0.9338214183175424,0.8845182595182595,c
605,714,2.4705882352941178,0.8117529880478087,0.5707282913165266,n
606,32915,0.6387665198237885,0.6374550083399175,0.4412122132766216,c
607,1729,4.789473684210527,0.6740425531914893,0.4580682475419317,n
608,33800,0.5,0.9659580309191674,0.8327958579881657,a
609,47792,0.8879310344827587,0.7432167759120466,0.5954971543354536,c
610,36112,0.6065573770491803,0.6904780336752467,0.4939770713336287,a
611,1404,2.076923076923077,0.7455931395902811,0.5573361823361823,n
612,3312,0.6388888888888888,0.7493848192314972,0.5976751207729468,n
613,2828,3.607142857142857,0.7192370318678762,0.5466760961810466,n
614,87000,0.7183908045977011,0.8186540812168953,0.6928448275862069,a
615,18904,0.9784172661870504,0.8872282608695652,0.7081305543800254,a
616,42192,0.4914675767918088,0.8644912855439171,0.7130024649222602,a
617,14342,0.7112676056338029,0.8487933304080737,0.6743829312508716,n
618,714,1.619047619047619,0.9293032786885246,0.6351540616246498,n
619,26895,1.012269938650307,0.8173492593579053,0.7416620189626325,a
620,9240,0.8380952380952381,0.8846080122675868,0.7491883116883117,a
621,7875,1.4,0.8955938013282868,0.7962539682539682,n
622,7308,0.4603174603174603,0.7886023294509151,0.648535851122058,a
623,810,1.1111111111111112,0.9767441860465116,0.7777777777777778,n
624,1470,0.6122448979591837,0.9649854105877448,0.7874149659863946,n
625,8305,2.7454545454545456,0.9272170797252912,0.7478025285972306,n
626,630,3.2142857142857144,0.9206521739130434,0.6722222222222223,n
627,2520,1.575,0.7430331475506013,0.5025793650793651,n
628,12390,0.8898305084745762,0.7095004180602007,0.5479015334947538,a
629,24440,0.6914893617021277,0.8509899620116229,0.6920212765957446,a
630,33082,0.5840336134453782,0.9740238699573364,0.8177861072486549,a
631,696,1.2083333333333333,0.9170771756978654,0.8024425287356322,n
632,1375,2.2,0.7341227125941873,0.496,n
633,779,2.1578947368421053,0.934283452098179,0.7573812580231065,n
634,31164,0.6933962264150944,0.8724768062974416,0.7468713900654601,a
635,14994,0.6938775510204082,0.9010837849103792,0.7208550086701347,a
636,30888,0.6620370370370371,0.8068266306184522,0.5796911421911422,a
637,4335,1.6666666666666667,0.8158239836806062,0.6457900807381777,n
638,17864,0.4334975369458128,0.9482001463836582,0.7977216748768473,a
639,588,1.3333333333333333,0.9596602972399152,0.7687074829931972,n
640,14256,0.5432098765432098,0.91357554200542,0.7566989337822672,a
641,37620,0.7236842105263158,0.7413006061513133,0.5266347687400319,a
642,46956,0.63003663003663,0.8056780132124989,0.6635999659255474,c
643,2508,1.2954545454545454,0.7457180500658761,0.5641945773524721,n
644,1222,1.807692307692308,0.8612813370473538,0.632569558101473,n
645,6600,0.8522727272727273,0.8744108919532204,0.7590151515151515,n
646,2255,0.7454545454545455,0.8638843426077468,0.7022172949002218,n
647,672,1.5238095238095235,0.9605026929982048,0.7961309523809523,n
648,10010,0.8272727272727273,0.7581708228579194,0.5573426573426573,a
649,16744,0.4945652173913043,0.8666567452935486,0.6955924510272337,a
650,10519,2.343283582089552,0.9431405130335444,0.8633425230535222,n
651,6035,1.1971830985915493,0.8531089036055923,0.7684341342170671,a
652,5561,0.8072289156626506,0.6946046392413174,0.487322424024456,n
653,3420,0.95,0.8151068686449471,0.5742690058479533,n
654,47012,0.5513698630136986,0.7983590344676019,0.6954394622649537,c
655,2304,2.25,0.7795682578291274,0.5564236111111112,n
656,34946,0.8564356435643564,0.8987494594204988,0.713629599954215,c
657,16720,0.7236842105263158,0.8292934319021894,0.6977571770334928,n
658,19764,1.3278688524590163,0.7441758241758242,0.4711343857518721,b
659,8908,1.9264705882352944,0.8898189604827721,0.7697013920071846,n
660,33748,0.6059322033898306,0.928297946397494,0.7902690529809174,a
661,14356,0.6554054054054054,0.7414740012401453,0.5830663137364168,a
662,18500,0.5405405405405406,0.8413761256060955,0.6894054054054054,a
663,2784,2.71875,0.905074940836182,0.6181752873563219,n
664,15900,0.6289308176100629,0.8545791591070443,0.6813522012578617,a
665,1972,2.3448275862068964,0.6445147679324894,0.4647565922920892,n
666,552,3.8333333333333335,0.9243986254295532,0.7309782608695652,n
667,943,1.7826086956521738,0.7908031088082902,0.6474019088016967,n
668,896,4.571428571428571,0.8227848101265823,0.6166294642857143,n
669,936,2.888888888888889,0.9574324324324324,0.7569444444444444,n
670,2967,5.608695652173913,0.6768781911013858,0.4691607684529828,n
671,1755,2.4074074074074074,0.8877302745915885,0.7276353276353277,n
672,630,1.9444444444444444,0.808091286307054,0.6182539682539683,n
673,3080,2.5142857142857142,0.7710303633648581,0.5029220779220779,n
674,1480,0.925,0.9134664618535586,0.6027027027027027,n
675,2800,1.75,0.9028793418647166,0.7055357142857143,n
676,572,1.181818181818182,0.9092896174863389,0.7272727272727273,n
677,5251,1.5084745762711864,0.7969088937093276,0.559702913730718,n
678,784,3.0625,0.9177631578947368,0.7117346938775511,n
679,570,2.533333333333333,0.8473804100227791,0.6526315789473685,n
680,728,0.9285714285714286,0.9354066985645934,0.8056318681318682,n
681,17738,0.5414364640883977,0.8667132622750305,0.6990923441199685,a
682,6566,1.462686567164179,0.9335677627827408,0.7480201035638135,n
683,9240,1.3095238095238095,0.8678044155492347,0.6933982683982683,a
684,1104,2.0869565217391304,0.974877450980392,0.7205615942028986,n
685,30595,0.6872037914691943,0.9742364166349828,0.8793920575257395,a
686,9000,1.1111111111111112,0.7081465351607532,0.6142777777777778,a
687,24765,0.6512820512820513,0.8515659364828011,0.7817282455077731,a
688,101696,0.4933920704845815,0.9456758173725835,0.8336316079295154,a
689,12028,1.2783505154639174,0.9527340597255852,0.7851263717991354,n
690,37901,0.601593625498008,0.9041972613613812,0.7212870372813383,a
691,2244,1.1590909090909092,0.8472606530160487,0.6822638146167558,n
692,7696,0.3513513513513513,0.6768595816527531,0.4688149688149688,n
693,3807,1.7234042553191489,0.787193648602002,0.5990281061203047,n
694,3904,1.0491803278688523,0.7103422892896577,0.4943647540983606,n
695,92276,0.6035805626598465,0.5796356842596917,0.4236366985998526,a
696,540,3.75,0.8915816326530612,0.6472222222222223,n
697,10611,1.617283950617284,0.9518860212542334,0.7681651116765621,a
698,23852,0.7528089887640449,0.9432131911552392,0.7806263625691766,a
699,1782,2.4444444444444446,0.7051181102362205,0.5025252525252525,n
700,63210,1.053061224489796,0.8262061857567475,0.7101961714918525,a
701,756,2.333333333333333,0.9168949771689496,0.6640211640211641,n
702,6710,1.8032786885245904,0.921997448514671,0.7539493293591655,n
703,36176,0.4889705882352941,0.9186481280652627,0.7844289031402034,a
704,31746,0.6441441441441441,0.932972094283392,0.8135513135513136,a
705,18542,0.8698630136986302,0.7960763016767362,0.6324560457340093,a
706,2880,0.8,0.7341594575637129,0.5451388888888888,n
707,67710,0.7278688524590164,0.927331074754422,0.8044675823364348,a
708,868,1.1071428571428572,0.8993103448275862,0.7511520737327189,n
709,14464,1.1327433628318584,0.8401749510228257,0.6374792588495575,n
710,1496,1.2941176470588236,0.8724921979491752,0.6540775401069518,n
711,588,1.3333333333333333,0.9449838187702264,0.7448979591836735,n
712,9405,4.644444444444445,0.8649284035050224,0.6454545454545455,n
713,152145,0.6521739130434783,0.8696269967348068,0.6818265470439383,c
714,680,0.5882352941176471,0.9470198675496688,0.8411764705882353,n
715,644,1.2173913043478262,0.9194956353055286,0.7360248447204969,n
716,912,1.5833333333333333,0.850356294536817,0.5888157894736842,n
717,2420,1.25,0.8915892304026686,0.7731404958677686,n
718,1672,0.8636363636363636,0.8932107496463932,0.7553827751196173,n
719,32550,0.1728110599078341,0.6981014170449742,0.5834562211981567,c
720,798,1.809523809523809,0.8578993821712269,0.6090225563909775,n
721,2618,2.264705882352941,0.7415230683713174,0.5095492742551566,n
722,666,2.055555555555556,0.9317226890756304,0.6659159159159159,n
723,645,2.8666666666666667,0.9011406844106464,0.7348837209302326,n
724,109820,1.0526315789473684,0.6503036278016089,0.5646011655436168,c
725,5888,0.6956521739130435,0.6896795714141312,0.5793987771739131,n
726,1920,1.875,0.8256265442993294,0.6091145833333333,n
727,42173,0.776824034334764,0.5942674232504002,0.4842434733123088,n
728,13398,0.564935064935065,0.7172578132160206,0.5841170323928945,n
729,1035,1.9565217391304348,0.6702775897088693,0.4782608695652174,n
730,3888,1.3333333333333333,0.8334491142757902,0.6171553497942387,n
731,1173,2.217391304347826,0.9173207744636316,0.7472293265132139,n
732,21840,0.5048076923076923,0.9082016341070368,0.7354395604395605,a
733,15312,0.5057471264367817,0.8253410422098779,0.7131987983281086,a
734,14400,0.5625,0.8320259208731241,0.6776388888888889,a
735,3074,0.913793103448276,0.7982256596906279,0.5707547169811321,n
736,9592,0.8073394495412844,0.9025917782663736,0.7061613844870726,a
737,35190,0.6652173913043479,0.9175836102252424,0.7808326229042342,a
738,3009,1.156862745098039,0.8663557087811803,0.7098703888334995,n
739,26105,0.5066079295154186,0.7249787492410443,0.5717487071442252,a
740,1062,3.2777777777777777,0.9361302442078898,0.7038606403013182,p
741,47799,0.415929203539823,0.885250206809617,0.705223958660223,a
742,868,0.9032258064516128,0.982620320855615,0.8467741935483871,n
743,546,1.238095238095238,0.9736286919831224,0.8452380952380952,n
744,780,1.1538461538461535,0.9525631216526396,0.7980769230769231,n
745,1428,0.5490196078431373,0.8848314606741573,0.7720588235294118,n
746,8625,1.5333333333333334,0.9087240584166026,0.8224347826086956,n
747,4661,1.3389830508474576,0.8507385998715479,0.7104698562540227,a
748,15738,0.4699453551912568,0.8777850970666873,0.7196911932901258,a
749,41525,0.5490909090909091,0.8112903225806452,0.6177724262492474,a
750,4340,0.8857142857142857,0.890695067264574,0.7322580645161291,n
751,672,1.1666666666666667,0.9514824797843666,0.7879464285714286,n
752,560,2.857142857142857,0.8662576687116564,0.6303571428571428,n
753,3060,2.361111111111111,0.8233539313871724,0.6313725490196078,n
754,1518,2.869565217391304,0.6849253055681304,0.4983530961791831,n
755,2278,1.9705882352941175,0.7418538437203417,0.5147058823529411,n
756,561,1.9411764705882355,0.983127109111361,0.7789661319073083,n
757,660,2.933333333333333,0.941117764471058,0.7143939393939394,n
758,6468,0.9166666666666666,0.7291005291005291,0.532622139764997,a
759,1287,0.8461538461538461,0.8626182180189149,0.6732711732711733,n
760,912,3.5625,0.8725128960943257,0.6491228070175439,p
761,45360,0.5785714285714286,0.8035676150995541,0.7051146384479717,c
762,936,2.888888888888889,0.8771186440677966,0.6634615384615384,n
763,931,2.5789473684210527,0.981863664790494,0.8431793770139635,n
764,7138,1.036144578313253,0.8917423259835712,0.72240123283833,n
765,15488,0.5,0.905737204283562,0.7181043388429752,a
766,41180,0.5105633802816901,0.6664205445901167,0.449307916464303,a
767,528,1.0909090909090908,0.990238611713666,0.8645833333333334,n
768,529,1.0,0.9827956989247312,0.8638941398865785,n
769,962,1.4230769230769231,0.828363154406892,0.6496881496881497,n
770,574,2.9285714285714284,0.8822197055492639,0.6785714285714286,n
771,880,2.2,0.7622180451127819,0.4607954545454545,n
772,1219,2.3043478260869565,0.835847917923959,0.5680885972108285,n
773,4620,1.2833333333333334,0.7797403987689013,0.6306277056277056,
774,837,1.148148148148148,0.9580965909090908,0.8058542413381123,n
775,15051,0.5028901734104047,0.8737040527803959,0.6774965118596771,a
776,16160,0.63125,0.8982258184247643,0.7487623762376238,a
777,16426,0.450261780104712,0.9047886060334192,0.7367587970291002,a
778,34176,0.4794007490636704,0.9225344773682566,0.7770657771535581,a
779,520,5.2,0.9402241594022416,0.7259615384615384,n
780,616,0.7857142857142857,0.9730983302411874,0.851461038961039,n
781,884,1.3076923076923077,0.8150375939849624,0.6131221719457014,n
782,6248,1.2394366197183098,0.8537230981701002,0.5936299615877081,n
783,16465,0.4810810810810811,0.6474207288215806,0.4154266626176738,a
784,3256,2.3783783783783785,0.5947975328506302,0.3406019656019656,n
785,700,3.571428571428572,0.6973684210526315,0.4921428571428571,p
786,45584,0.6795366795366795,0.737161871091371,0.5443247630747631,a
787,27387,1.169934640522876,0.4973454358623052,0.3181071311206047,n
788,84672,0.4537037037037037,0.6938612596790932,0.5646022297808012,c
789,546,3.230769230769231,0.850613154960981,0.6987179487179487,n
790,5280,2.727272727272727,0.9248701800905976,0.7927083333333333,n
791,671,5.545454545454546,0.9193877551020408,0.6713859910581222,p
792,798,4.071428571428571,0.7217153284671532,0.4956140350877193,p
793,2479,1.8108108108108107,0.8110539845758354,0.509076240419524,n
794,5940,1.3636363636363635,0.9053916581892166,0.7491582491582491,a
795,574,2.9285714285714284,0.7584905660377359,0.5252613240418118,n
796,11520,1.8,0.6967224450283501,0.4373263888888888,n
797,910,1.3461538461538465,0.9401114206128134,0.7417582417582418,n
798,640,2.5,0.8427835051546392,0.5109375,n
799,9165,0.4609929078014184,0.8756397134083931,0.7467539552645935,n
800,15904,0.7887323943661971,0.7294798725485796,0.5110349597585513,a
801,1564,1.3529411764705883,0.8639876352395672,0.5361253196930946,n
802,2288,1.181818181818182,0.7751875669882101,0.6322115384615384,n
803,1088,4.25,0.5825174825174825,0.3828125,n
804,106392,0.7688172043010753,0.8581748832972789,0.7084508233701782,a
805,885,3.933333333333333,0.7115207373271889,0.4361581920903954,p
806,936,2.888888888888889,0.9544807965860598,0.7168803418803419,n
807,45484,0.6058394160583942,0.8128664661194106,0.70102673467593,a
808,19536,0.8918918918918919,0.5338254779481355,0.3608978296478296,n
809,945,2.142857142857143,0.9081046585832802,0.7529100529100529,n
810,1860,2.066666666666667,0.8196296296296296,0.5948924731182795,n
811,53482,1.5294117647058822,0.738469995031765,0.6531169365393964,n
812,15820,1.238938053097345,0.9523383547429062,0.8411820480404552,a
813,10950,1.9466666666666668,0.9300259590423998,0.7361643835616438,n
814,30247,0.7339901477832512,0.969504523395842,0.8024928092042186,a
815,92916,0.7331460674157303,0.7530142643945441,0.5837692109001679,a
816,1680,2.9166666666666665,0.8388756927949327,0.6306547619047619,n
817,512,2.0,0.9831460674157304,0.68359375,n
818,94248,0.5661764705882353,0.9586912690169244,0.8324261522790934,a
819,97768,0.599009900990099,0.9392156628520916,0.8042048523034122,a
820,16318,2.426829268292683,0.8472073318346879,0.7506128201985538,n
821,29970,0.6081081081081081,0.9213338029822709,0.7854854854854855,a
822,16280,2.102272727272727,0.8991375770020534,0.6724201474201474,n
823,74052,0.7908496732026143,0.961114305512554,0.8803205855344893,a
824,20520,0.5684210526315789,0.94561261625556,0.797733918128655,a
825,1408,2.909090909090909,0.8673469387755102,0.6942471590909091,n
826,13464,0.5751633986928104,0.9449244538969382,0.7919637551990493,a
827,816,1.4166666666666667,0.9705426356589149,0.7671568627450981,n
828,3572,2.473684210526316,0.8284119553474973,0.6440369540873461,p
829,14278,0.975206611570248,0.7208457825787176,0.549166549936966,p
830,11591,2.582089552238806,0.7663677680874585,0.5382624450004314,p
831,10833,0.4394904458598726,0.8459973226238287,0.7292070525246931,n
832,14706,1.131578947368421,0.953623422188168,0.8039915680674554,a
833,24102,0.5679611650485437,0.954009846699489,0.8481868724587172,a
834,60162,0.8191881918819188,0.7133556997570544,0.5637113127888036,a
835,68952,0.4142156862745098,0.8319360562600726,0.741167768882701,a
836,874,1.6521739130434785,0.8969555035128806,0.6573226544622426,n
837,16905,0.782312925170068,0.8866978383140205,0.7740313516711033,a
838,1364,2.8181818181818183,0.7591768631813126,0.500366568914956,p
839,6968,1.5522388059701493,0.6702036441586281,0.4486940298507462,p
840,33003,1.128654970760234,0.6429768981209311,0.4473835711904978,p
841,2656,2.59375,0.863036303630363,0.5907379518072289,n
842,23115,0.572139303482587,0.964842988102204,0.8560242266926238,a
843,1764,2.25,0.7760683760683761,0.5147392290249433,b
844,34974,1.1551724137931034,0.6771443793287161,0.4360953851432492,p
845,36790,0.4593639575971731,0.9276046885188542,0.7926746398477847,a
846,47894,2.01948051948052,0.9779403432341572,0.8108426942832088,c
847,609,1.380952380952381,0.9282051282051282,0.7430213464696224,n
848,29574,1.169811320754717,0.6697326676668061,0.4604044092784202,p
849,24012,0.3524904214559387,0.9209611846737378,0.8443486590038314,a
850,2639,3.1379310344827585,0.9415647921760392,0.7296324365289882,n
851,1739,1.2702702702702702,0.7354651162790697,0.6546866014951122,n
852,2632,1.1914893617021276,0.739982451009067,0.4806231003039514,n
853,37180,0.4545454545454545,0.9121619459113458,0.7665545992469069,a
854,819,1.8571428571428568,0.9474654377880184,0.6275946275946276,n
855,592,2.3125,0.9109263657957244,0.6478040540540541,n
856,75915,0.765079365079365,0.7992992867141073,0.6280840413620496,a
857,1700,1.4705882352941178,0.876116504854369,0.6635294117647059,b
858,11968,2.588235294117647,0.9166740932180732,0.8594585561497327,n
859,25020,1.2949640287769784,0.925750358414651,0.8000599520383693,n
860,4725,0.4285714285714285,0.827244132591338,0.7235978835978836,n
861,4343,2.3488372093023258,0.9586877278250304,0.8175224499194106,n
862,7772,0.5775862068965517,0.7821580288870008,0.5922542460113227,a
863,2368,1.7297297297297298,0.7741839762611276,0.5508868243243243,n
864,12901,0.7293233082706767,0.7957714596160811,0.6812262615301139,a
865,891,1.2222222222222223,0.8730587440918298,0.7255892255892256,n
866,18424,0.5212765957446809,0.917178515420805,0.7618595310464611,a
867,8526,1.1264367816091954,0.921799469826914,0.6933497536945813,a
868,10094,1.0510204081632653,0.9053454585782412,0.8087477709530414,a
869,646,1.7894736842105263,0.9213349225268176,0.598297213622291,n
870,7224,1.0238095238095235,0.7570543702684102,0.6852159468438538,a
871,31889,0.6412556053811659,0.9127908158081884,0.7043651415848725,a
872,11040,0.5797101449275363,0.9455746917113274,0.823052536231884,a
873,648,1.125,0.9866903283052352,0.8580246913580247,n
874,8700,0.87,0.776333382855445,0.600632183908046,a
875,17190,0.4712041884816754,0.7699534016775396,0.6007562536358347,a
876,10922,0.6771653543307087,0.92578570687688,0.8172038088262223,a
877,52080,0.6642857142857143,0.7672302592340874,0.5310579877112135,a
878,1430,2.9545454545454546,0.9026508226691042,0.6905594405594405,p
879,624,0.9230769230769232,0.9761904761904762,0.8541666666666666,n
880,15664,1.9775280898876404,0.7468986168544133,0.5015960163432074,n
881,1026,2.8421052631578947,0.9218241042345277,0.6895711500974658,n
882,5372,1.161764705882353,0.9773945957312584,0.8652271034996277,a
883,27360,0.935672514619883,0.9171440115988876,0.705171783625731,a
884,19200,1.3333333333333333,0.8719471947194719,0.7568229166666667,a
885,4920,1.3666666666666667,0.6959701706582533,0.4931910569105691,n
886,43050,0.7113821138211383,0.740173387417482,0.5404297328687573,a
887,741,4.384615384615385,0.7952069716775599,0.4925775978407557,p
888,99458,0.5,0.7051212133016503,0.5459942890466327,c
889,1755,1.1538461538461535,0.7796467619848613,0.5282051282051282,n
890,627,5.181818181818182,0.6522462562396006,0.3125996810207336,p
891,1273,3.526315789473684,0.6925566343042071,0.420267085624509,p
892,935,3.235294117647059,0.7410296411856474,0.5080213903743316,p
893,12789,0.5918367346938775,0.7141005329108454,0.5815153647665963,a
894,3760,0.5875,0.8705224532587804,0.6625,n
895,3216,1.3958333333333333,0.8231634362287629,0.5348258706467661,n
896,4554,1.0454545454545454,0.6273195072508966,0.441699604743083,n
897,23904,0.8674698795180723,0.9775578344860482,0.8573669678714859,a
898,5880,1.2,0.9720151060327298,0.8535714285714285,a
899,5184,1.265625,0.8751840942562592,0.6877893518518519,n
900,598,1.1304347826086956,0.9731343283582088,0.8177257525083612,n
901,540,1.35,0.8620268620268621,0.6537037037037037,n
902,6557,1.0506329113924051,0.859150833656456,0.6758426109501297,a
903,8554,0.9680851063829788,0.8852056068557762,0.7788753799392097,a
904,1550,1.6129032258064515,0.7680841736080667,0.5651612903225807,n
905,2880,1.25,0.798391959798995,0.6895833333333333,n
906,1288,1.6428571428571428,0.8734739178690344,0.6110248447204969,n
907,1224,0.9444444444444444,0.9428926132836748,0.6205065359477124,n
908,8073,0.5897435897435898,0.6763476807354785,0.6014492753623188,a
909,48042,0.5130718954248366,0.8918748532084008,0.750905457724491,a
910,682,1.4090909090909092,0.9759036144578314,0.7719941348973607,
911,682,1.4090909090909092,0.97506678539626,0.8027859237536656,n
912,1521,1.0,0.8435980551053485,0.6844181459566075,n
913,1520,1.0526315789473684,0.8144486692015209,0.7046052631578947,n
914,555,2.466666666666667,0.8682559598494354,0.6234234234234234,n
915,10604,0.1825726141078838,0.956977273877613,0.8915032063372312,n
916,1050,0.8571428571428571,0.915606936416185,0.7542857142857143,n
917,294840,0.4178571428571428,0.7445535573760986,0.6097086555419888,t
918,1005,4.466666666666667,0.8776402039329935,0.599502487562189,n
919,41230,0.5827067669172933,0.8944222007455475,0.7856293960708223,a
920,10324,1.303370786516854,0.968128605836554,0.8370786516853933,a
921,28340,0.5963302752293578,0.9633269614361702,0.8179781227946366,a
922,924,1.9090909090909087,0.8704819277108434,0.6255411255411255,n
923,1540,1.9642857142857144,0.8436268068331143,0.6253246753246753,n
924,28950,0.7772020725388601,0.9593132553232304,0.863713298791019,a
925,1425,3.947368421052632,0.7234156820622986,0.4726315789473684,p
926,1482,2.1923076923076925,0.8867588051716451,0.6710526315789473,n
927,49473,0.8661087866108786,0.8237786816706586,0.58744163483112,a
928,1638,1.0769230769230769,0.7946033024567056,0.6022588522588522,n
929,15840,1.1,0.5778709789000346,0.421875,n
930,700,1.12,0.9145907473309608,0.7342857142857143,n
931,37224,0.5340909090909091,0.9217742191719888,0.7793627767032022,a
932,55808,0.8515625,0.9703108198064416,0.8488567947247706,a
933,64163,0.6807817589576547,0.9222863591792936,0.7769353053940745,a
934,9933,1.675324675324675,0.9517686758203396,0.8234672304439746,n
935,183300,0.4909983633387889,0.7414229257795573,0.5460420076377523,a
936,151526,0.3769716088328075,0.8812849515880916,0.8034165753732033,t
937,4015,0.7534246575342466,0.6924708377518558,0.5692403486924035,n
938,11220,0.4121212121212121,0.6778395172372588,0.5055704099821747,n
939,4672,0.8767123287671232,0.7505625757313484,0.464041095890411,n
940,20710,0.5736842105263158,0.6567823769524003,0.4700386286817962,a
941,986,3.411764705882353,0.9107142857142856,0.646551724137931,p
942,780,5.416666666666667,0.7764378478664193,0.5365384615384615,p
943,41020,0.4778156996587031,0.8714693295292439,0.7446367625548513,a
944,19251,0.4492753623188406,0.7445856945933528,0.6313178536179939,a
945,3740,0.8088235294117647,0.8022264741694207,0.6165775401069519,n
946,5390,1.7818181818181815,0.905904761904762,0.6617810760667904,n
947,6804,1.7142857142857142,0.7680568720379147,0.5954585537918872,n
948,28558,0.6009174311926605,0.9257933179204944,0.792247356257441,a
949,4116,2.333333333333333,0.7001383672662581,0.4302721088435374,n
950,3894,0.8939393939393939,0.7156350482315113,0.4572419106317411,n
951,1325,2.12,0.913978494623656,0.7056603773584905,n
952,12610,0.7461538461538462,0.7580699966021067,0.6192307692307693,n
953,5900,0.59,0.7340976331360947,0.5046610169491526,n
954,4890,5.433333333333334,0.9363648777823296,0.7011247443762781,n
955,121880,0.6295454545454545,0.8973869085634492,0.6801895306859206,a
956,1176,2.6666666666666665,0.7655954631379962,0.5165816326530612,p
957,31680,0.6545454545454545,0.8711738342710021,0.7209595959595959,a
958,5621,0.948051948051948,0.8032200357781754,0.7189112257605408,n
959,4875,1.1538461538461535,0.8053343949044586,0.6224615384615385,n
960,625,1.0,0.975813953488372,0.8392,n
961,560,1.4,0.9805714285714284,0.7660714285714286,n
962,637,3.769230769230769,0.9476744186046512,0.7676609105180534,n
963,1152,2.0,0.9614604462474644,0.8229166666666666,n
964,702,2.1666666666666665,0.84,0.6282051282051282,n
965,1196,1.7692307692307692,0.8915492957746479,0.5292642140468228,n
966,1395,1.4516129032258065,0.9290444654683064,0.7039426523297491,n
967,5100,0.4901960784313725,0.8456266697642002,0.7137254901960784,n
968,637,3.769230769230769,0.6296296296296297,0.4136577708006279,p
969,17800,0.445,0.7809027301413088,0.6395505617977528,a
970,10366,0.4863013698630137,0.7867938553022795,0.6126760563380281,a
971,27020,0.7253886010362695,0.9091341373795012,0.7783493708364174,a
972,2475,0.44,0.8227818310190633,0.7062626262626263,n
973,3256,1.681818181818182,0.9530706836616454,0.7578316953316954,n
974,924,2.095238095238096,0.9229106628242076,0.6931818181818182,n
975,3315,1.2745098039215683,0.978819695872556,0.8155354449472096,n
976,18400,0.71875,0.9721112992364948,0.8269021739130434,a
977,984,1.7083333333333333,0.775886524822695,0.5558943089430894,n
978,841,1.0,0.9521044992743106,0.7800237812128419,n
979,616,3.142857142857143,0.8260393873085339,0.6128246753246753,p
980,675,1.08,0.969964664310954,0.8133333333333334,n
981,675,1.08,0.9548218940052128,0.8140740740740741,n
982,696,1.2083333333333333,0.899090909090909,0.7104885057471264,n
983,48723,0.45565749235474,0.9605641190706102,0.8268682141904234,a
984,9936,0.8518518518518519,0.8007567768748837,0.6496074879227053,a
985,4930,0.6823529411764706,0.7006657156443177,0.5977687626774848,n
986,2759,0.348314606741573,0.9401869158878504,0.8204059441826749,n
987,12351,2.5942028985507246,0.9698298091799896,0.9135292688851104,n
988,57702,0.4604519774011299,0.7442536676799596,0.5367404942636304,c
989,18437,1.7378640776699028,0.7204902554601489,0.5484080924228454,n
990,4264,0.3942307692307692,0.9070273209188529,0.7824812382739212,n
991,12648,0.6838235294117647,0.8917607539423346,0.7556135357368754,a
992,2394,1.6578947368421053,0.8538329519450801,0.6234335839598998,n
993,3634,0.5822784810126582,0.7813030200203597,0.633599339570721,n
994,14580,0.5555555555555556,0.4949046876873276,0.2831275720164609,n
995,1152,3.555555555555556,0.9113001215066828,0.6510416666666666,n
996,12276,2.8181818181818183,0.7873779113448535,0.5975887911371782,n
997,13509,0.4619883040935672,0.6530784844384303,0.4287141905396402,a
998,13552,0.5714285714285714,0.7855902777777778,0.6344082054309327,a
999,676,1.0,0.9740143369175628,0.8039940828402367,n
1000,11136,0.6796875,0.7646714987140519,0.5873742816091954,a
1001,16830,0.6181818181818182,0.957071606697542,0.7981283422459893,a
1002,2025,0.36,0.9452929741738406,0.8404938271604938,n
1003,4745,0.8904109589041096,0.9191100823045268,0.7531085353003161,n
1004,7626,1.1341463414634143,0.8625368731563422,0.6709939680041962,a
1005,13818,0.6394557823129252,0.9599471830985916,0.7891880156317846,a
1006,18315,1.8686868686868687,0.958499806676118,0.8121212121212121,n
1007,6030,1.3432835820895523,0.911181373958034,0.7885572139303483,n
1008,14300,1.181818181818182,0.967308405821,0.8204195804195804,n
1009,33948,0.4456521739130434,0.822566781274795,0.7329150465417698,a
1010,6324,0.4112903225806452,0.8569111895449776,0.7102308665401644,n
1011,51675,0.4892307692307692,0.9678092898615454,0.8386744073536526,a
1012,8100,2.25,0.8385666789804211,0.7006172839506173,n
1013,884,1.3076923076923077,0.9347517730496454,0.745475113122172,n
1014,1056,1.8333333333333333,0.949673202614379,0.6879734848484849,n
1015,1092,2.4761904761904763,0.9706214689265537,0.7866300366300366,n
1016,799,2.764705882352941,0.8387978142076503,0.5763454317897372,n
1017,990,2.0454545454545454,0.8856548856548857,0.6454545454545455,p
1018,13065,3.0923076923076924,0.8493794762451479,0.5945656333716035,n
1019,35708,0.6991150442477876,0.5626973598161401,0.4216842164220903,t
1020,1809,2.4814814814814814,0.8871418588399721,0.7017689331122167,n
1021,2795,0.6615384615384615,0.6752058554437328,0.5280858676207514,n
1022,966,1.826086956521739,0.8150782361308677,0.593167701863354,n
1023,200613,0.2706155632984901,0.9247046205279462,0.8079486374262884,t
1024,36423,1.2456140350877194,0.7883143794155558,0.6632484968289267,n
1025,558,1.7222222222222223,0.8836158192090395,0.7007168458781362,n
1026,4275,2.111111111111111,0.7315905743740795,0.4647953216374269,n
1027,1071,2.4285714285714284,0.8726287262872628,0.6013071895424836,n
1028,3016,1.1153846153846154,0.8136997373206708,0.667606100795756,n
1029,4092,2.113636363636364,0.8235294117647058,0.5884652981427175,n
1030,210976,0.4380403458213256,0.9440827500749274,0.8883688192021841,c
1031,561,1.9411764705882355,0.933249370277078,0.660427807486631,n
1032,680,2.3529411764705883,0.7799315849486887,0.5029411764705882,n
1033,1364,2.8181818181818183,0.7521079258010118,0.4904692082111437,n
1034,1113,2.523809523809524,0.8841172460804363,0.582659478885894,n
1035,43960,0.5607142857142857,0.9129928747835468,0.7316196542311192,a
1036,13695,1.987951807228916,0.9399415469476804,0.8336619204089084,n
1037,1200,2.083333333333333,0.6655574043261231,0.5,n
1038,14703,0.514792899408284,0.844771649613177,0.6906753723729852,a
1039,1008,1.75,0.6742815033161386,0.4538690476190476,n
1040,900,2.25,0.9176954732510288,0.7433333333333333,n
1041,8855,1.4935064935064934,0.7990183246073298,0.6893845285149633,n
1042,40348,0.4253246753246753,0.9629028784724716,0.8311564389808664,a
1043,13970,0.8661417322834646,0.646939941127367,0.5270221904080172,n
